name,email,city,country
Abigail Bélanger,abigail.belanger@example.com,Kingston,Canada
Abigail Gauthier,abigail.gauthier@example.com,Trout Lake,Canada
German González,german.gonzalez@example.com,Elche,Spain
Iida Mattila,iida.mattila@example.com,Taivalkoski,Finland
Jacob Mitchell,jacob.mitchell@example.com,St. Antoine,Canada
Julija Milovanović,julija.milovanovic@example.com,Vrbas,Serbia
Laura Allen,laura.allen@example.com,Leixlip,Ireland
Liliya Shvachka,liliya.shvachka@example.com,Avdiyivka,Ukraine
Ricardo Chapman,ricardo.chapman@example.com,Devonport,Australia
Slaven Ilić,slaven.ilic@example.com,Aleksinac,Serbia
